temperature,humidity,rainfall,wind_speed,region_type,month,earthquake_magnitude,forest_density,past_disaster_count,population_density,Disaster_Type
29.4901424590337,91.95981825434215,227.7585271554666,26.24074561769746,Urban,8,0.11616722433639892,54.647045830997406,2,1954.8647782429914,Flood
27.585207096486446,94.97327922401266,158.22103992208972,27.272998688284027,Urban,6,0.6084844859190754,40.990257265289515,1,1417.7793420835692,Flood
26.715861807471295,80.99085529881074,202.0925971590665,51.407038455720546,Urban,9,1.0284688768272232,43.696582754481696,0,1411.3172778521575,Flood
25.772779488642485,75.11572371061875,131.7092867373503,57.95542149013333,Coastal,7,1.6167946962329223,32.18455076693483,0,1526.3495397682354,Flood
24.935343415973207,84.85530730333811,126.18993380073931,56.372816083151285,Coastal,7,1.325044568707964,32.46844304357644,2,1954.3769416468378,Flood
27.514733840807438,93.25398470083343,289.10980948155407,55.79309401710595,Coastal,8,1.8437484700462337,23.53970008207678,1,987.9954961448965,Flood
23.56443402889772,94.86212527455788,184.21559880484608,31.23738038749523,Coastal,6,0.2818484499495253,52.08787923016159,0,1980.3304049007759,Flood
25.840467374815873,93.16734307889972,155.76882267615105,20.220884684944096,Urban,8,1.4137146876952342,49.160286721639494,1,1037.698592816409,Flood
23.47554013135755,71.90675050858071,175.9768179088192,33.007332881069885,Urban,9,1.2751149427104262,55.48850970305306,1,1569.8671808344925,Flood
31.29894092735446,92.82355145850693,221.02989556250932,50.83868719818244,Urban,8,1.0454656587639881,37.101640734341984,0,661.8371404899567,Flood
28.261141204714512,79.43067943228979,211.5427244096465,56.30265895704372,Urban,8,0.8207658460712595,50.22204554172195,1,934.627179370652,Flood
27.102977948602398,74.83663861762014,287.34557742166317,52.32481518257668,Urban,6,1.7429211803754354,52.14688307596458,2,1711.1602327460937,Flood
27.07213436066627,73.3015577358303,161.0283292575495,37.084311545050255,Coastal,6,1.7214611665126869,20.27808522124763,2,679.7980510005242,Flood
30.019376508321926,80.12845514210883,289.7237467042535,32.92811728083021,Coastal,9,1.4060379177903557,34.54518409517176,3,951.3174647251544,Flood
28.18069062982308,71.54436253749968,170.15636356259006,56.33063543866615,Urban,7,0.2897897441824462,39.57811041110252,3,856.4563159885995,Flood
35.389726337455855,91.84649045835579,186.20096388946558,45.29223322374318,Coastal,7,1.071549368149517,23.61159080217633,2,561.1627123321459,Flood
33.11981486103539,70.49763486783569,212.17675049387057,29.059831007917516,Coastal,8,0.3487328580099829,47.63750952409864,2,1011.5995265753877,Flood
30.620768246906138,73.40420563721767,286.4448512901413,55.09357413523924,Urban,8,1.319968092068358,52.688888008048636,2,639.6541517088488,Flood
23.679875656948607,80.47628723837983,250.6720221966431,55.884410398103086,Coastal,7,1.5597510917152477,45.68126584617151,0,742.4430711419207,Flood
31.57218176834092,96.95662565581237,229.15723073872618,20.367882064665185,Coastal,6,1.3270035382161116,20.20246335384875,1,1537.84279653904,Flood
24.426089508392053,91.36537664042608,162.704835749424,33.01598792637071,Coastal,9,1.2992657980944293,53.96893641976712,2,1051.5737045891503,Flood
29.96966082590149,77.95607103045177,163.91813580823504,58.920422190097824,Urban,8,1.7840931103542266,45.245545039890516,3,792.8644816970668,Flood
25.11095312180162,70.72947899294361,236.18501326329022,27.084427176281956,Coastal,7,1.9078571540051747,56.59457560881794,1,1892.4778438815881,Flood
30.93154000243922,82.84552444951943,293.9978674278605,58.54479908357011,Urban,9,0.5888977841391714,35.40390914407701,2,1335.2018936875252,Flood
28.519542777553546,87.10183510268095,137.49176887873833,44.60028906796679,Coastal,8,0.28016803047304806,40.73318609454947,4,940.3877663967401,Flood
29.15595213918651,94.28083466435541,265.82041104225254,54.68289274320415,Urban,9,1.0226847977218756,40.060651787487984,5,1063.374428959916,Flood
28.495068394328015,71.07826821390226,203.80764326384283,41.70578538830306,Urban,7,1.1816665211380215,21.220009997561977,0,1733.9008409894873,Flood
25.432213246511896,80.80571924233789,142.87089227733927,40.88973040219217,Urban,9,0.43164205499368635,44.915619032760006,0,577.5225817529115,Flood
35.16710787217739,89.1228970449462,250.6964400700791,59.03408317850138,Coastal,7,0.6459129458824919,51.80744779074814,1,617.6845720133989,Flood
33.5302412749616,70.76052230246373,293.2767146420265,53.439204820488236,Urban,9,0.8179058888285398,26.93177280283383,1,1323.8399970591809,Flood
30.836145070262702,78.39801690837828,291.87575051937495,49.51587666783074,Urban,6,1.2234414924687045,36.7840024971116,1,1636.7691656965537,Flood
31.799220566118624,70.43180465889267,140.8930752912449,21.84010568087011,Urban,7,1.7109211680220144,48.146314375200944,1,1237.4238126752484,Flood
24.11517257656042,83.01554947713919,191.73085219152722,44.63400392208866,Urban,9,0.09060801954408904,34.98450458505885,4,605.8531211006448,Flood
27.68464448576076,89.27257834618948,124.77203589749193,43.43102325093853,Urban,9,1.150948355751758,35.526797048260875,4,1941.7858457358714,Flood
26.54070170184292,79.56926890881284,272.0775559745018,20.930877429433036,Coastal,8,0.5637095495467999,24.72659310486625,5,766.1593156695842,Flood
28.62279478385716,92.51844254922575,265.2302530681075,59.620205680026935,Coastal,9,0.7440361715855663,51.05651842967987,3,1626.306601687246,Flood
26.776253941686115,97.076587200387,210.94542704061428,53.058298644309666,Coastal,6,1.791046456992401,35.56806714936653,0,1858.0729646288955,Flood
28.7848691679174,72.73860030358401,177.47645476627468,58.0024786820322,Coastal,9,1.1468757762465722,45.27348848679197,1,992.996818054874,Flood
31.474332620500203,93.74737131177545,262.1312657030197,23.648244121947613,Coastal,7,0.11511752003328857,41.981155292949424,3,714.4875230792538,Flood
30.37498808188881,92.84531895152416,231.279251396927,24.04490704491161,Urban,7,1.40193826291824,22.910520254567743,2,627.2565711277879,Flood
31.463063015226773,98.41745732151577,297.48019148811676,50.13512741035767,Coastal,9,0.16700143339733753,51.08587663709747,3,1238.9376564362888,Flood
26.56785480827404,70.34060934302258,204.35891555894273,22.252131027273492,Coastal,9,0.23505249355420976,45.968412084642544,4,1802.8986922841905,Flood
28.67227744543125,72.21389694206196,219.69377119223776,58.77210142476396,Coastal,8,1.258797276270525,47.829947559384685,4,921.4447843883455,Flood
28.037777202345385,98.51234452229676,280.24748110036495,38.22627011142852,Coastal,6,0.5547623659622654,27.52484638895045,2,616.6019554474773,Flood
29.025267927331477,79.28582848858983,266.4831035472507,47.38924690215517,Urban,6,1.821854368987685,52.90148971692676,6,539.550461745878,Flood
33.62851251764766,81.29390100634149,265.8995995407299,59.49104517259778,Urban,8,1.1882614307042703,35.23563426524086,4,910.1106078960594,Flood
28.01573109915455,93.06962245541531,290.057831378837,53.98589562709646,Urban,6,0.901088270620187,25.1663766060598,2,1507.5510266087852,Flood
28.140941781294227,88.54384721373688,184.46928924591128,24.54230368798516,Coastal,7,1.0406154018075866,50.892735669425576,4,1105.2242993185955,Flood
29.936127848755444,91.12239304297671,158.33354907160393,25.45485902347079,Coastal,7,0.701175117613194,43.59670747418532,3,1270.9842337397163,Flood
32.105894672597046,93.5095903822343,191.3777008178286,44.883468009114935,Urban,6,1.8990412473152842,25.882939237161516,2,1188.7036343573918,Flood
27.981402580978383,79.86254830862525,234.01215377701064,29.605824751127724,Urban,8,0.25775944382129845,25.121833558310897,1,1461.3121172048218,Flood
29.20935798125673,75.45640253197435,182.22011099829538,55.87153639624047,Urban,8,1.3351154770420544,26.892794848065193,1,753.4025946082468,Flood
25.553502780134533,72.66107601271167,141.71445679810813,38.43115072130903,Coastal,7,0.7285397220961509,40.136690834194276,1,1699.115598363564,Flood
26.32292352029843,88.83701168472723,134.71662575079694,54.94314496427109,Urban,9,0.1221559197097275,31.07510592588815,2,814.0239850050655,Flood
27.17484490854507,88.54764314590888,186.40445512255903,38.50138864532592,Urban,7,0.0733664057811958,30.09747777376083,4,1171.1185502351818,Flood
21.094236505793248,85.9785179936507,163.64469065425135,30.769729237975238,Urban,9,0.04014239555545274,32.88316662332713,1,679.6431977288769,Flood
28.65466819759329,90.37306957433469,262.0508229493209,39.93768795716229,Urban,9,1.0742130836370956,43.47364472083517,2,925.6638586980866,Flood
30.73169236711324,80.89246889195906,236.26510343968823,42.83113218675648,Coastal,8,1.9730304975859594,44.230992774275485,1,729.288708776498,Flood
26.04807229263452,75.59701072153918,171.31713036489248,26.93494381179019,Urban,6,0.16046749132328442,40.98045558281019,2,1096.7833985686125,Flood
26.53862384870591,99.08411299826106,275.7912826609164,52.6828828379712,Urban,7,0.34177517478013164,46.74572879697724,3,1654.2393997879053,Flood
26.306328990191275,82.76309315849251,211.3698681632019,29.696389296603208,Urban,6,1.2212400848832652,31.54522212961023,1,1221.7101527822263,Flood
24.9938598291138,85.97768297654758,129.32823662803685,33.46417112775683,Coastal,6,0.1267499409455355,59.59840929559781,2,1522.254083335894,Flood
29.589412533745847,84.14728565650475,194.13136454650834,33.95473066171981,Urban,6,1.6612388155754583,58.601076426660505,0,1596.3012128054663,Flood
32.3247058619737,98.15021370463114,152.62195190981882,22.6598506946711,Coastal,9,1.1489462263598238,53.67315107033088,1,802.4409800716169,Flood
27.044564468048982,94.43724160694146,239.735499725316,40.92261699076477,Coastal,6,1.7544010816262166,35.69780429690542,2,1194.0196785044095,Flood
27.04282893680097,79.04133622492427,254.5696884317252,40.10881560369917,Urban,6,1.799149146549137,35.35564885492846,3,1909.7481854202126,Flood
23.564241262660474,74.17816217990162,262.9245340686533,44.80291023714054,Coastal,7,1.7877851661019153,51.54388844898123,1,872.7337097216987,Flood
31.431262129620787,92.3183887771803,126.03583825244029,42.79558739485266,Coastal,6,1.753531273523499,33.683269948636294,1,1769.6784376017772,Flood
27.190375194119888,93.91886097338661,146.98513692277928,29.17005580930566,Coastal,6,1.4400730730921487,45.645905315411895,2,1018.5439902558792,Flood
25.06370885265308,75.44793150404277,283.5211010400531,43.33567179064482,Coastal,8,0.9240116072882654,57.89133358447261,1,1258.833018326699,Flood
27.391461340989544,96.16371726832455,287.78129084705023,42.60532734356836,Coastal,6,1.8449987623545914,48.28954537253594,1,1410.072569574284,Flood
28.140746304850776,82.72392013907158,252.55996241245012,57.37468059076059,Coastal,8,0.9016787428082642,24.52952183363021,2,1881.2628239260584,Flood
28.167174736866084,87.73826307234788,191.82048669662345,22.190465552881253,Urban,7,1.6057068971960229,20.185280920184113,1,1306.0934044068845,Flood
31.282574555412847,97.59566849238281,182.342278985873,33.878128075849105,Coastal,8,0.9044358817796143,28.98419291759928,1,764.5804797593349,Flood
19.909340071175286,97.445377032043,185.23090184099397,43.22353401112174,Coastal,7,0.026188913176667272,46.541494880668424,2,1121.9361855905356,Flood
27.837115400446564,72.56049004235932,299.43736533227053,40.0878004132497,Urban,9,0.13415295477685496,49.99841881596711,2,786.0315809954998,Flood
27.901740189352005,86.94523399787849,131.8275550971034,51.02110466780042,Urban,7,1.04878053865516,37.63050987752912,2,772.8921957429067,Flood
26.369725686598706,95.85356863040552,290.3007831840539,34.93237265119012,Coastal,8,1.2879990864780315,36.34936684392386,0,734.2288960492856,Flood
30.807035179442384,70.8128797751045,159.95498914793092,29.242991863522857,Urban,8,0.03942107550872831,24.164343279382955,2,857.2741715700897,Flood
31.814665284982475,72.98324178278035,163.77099437990174,48.89067727422636,Coastal,7,1.6604397291339832,35.88734118473819,2,1844.5037277816796,Flood
28.978399066726354,82.64273651777494,280.6809079938555,52.69774246953764,Coastal,8,0.518846866862585,35.18769632669068,2,1114.1174782868607,Flood
24.24665927084409,86.5614154255594,198.502775244357,31.778630381676706,Coastal,7,1.5272115883195216,25.6045270306581,4,533.7039624801761,Flood
28.923405306676177,89.00434659478442,166.41978337797642,25.574242962912965,Urban,7,1.9688043614071042,41.02760729210743,1,527.5860148212001,Flood
22.869494822030124,97.42896419681497,141.1951949202254,43.06065902057014,Coastal,7,1.1083560050315868,46.05681553407457,2,705.3284451032109,Flood
32.86160033549763,89.95110023638766,151.56683015222092,56.57647783699839,Coastal,6,0.7662770564989949,40.7567082113135,0,749.4250531341191,Flood
32.71148390578342,92.14100849279112,134.90376022652276,44.12608437865553,Coastal,6,0.7785912280839531,31.547749470827995,2,1349.6069604453457,Flood
34.243943970295426,98.10489217974273,251.86297749784507,28.59761514363027,Coastal,8,0.5245280885996502,43.803117228010194,0,1244.5493708018544,Flood
27.086339084538228,87.90528546750667,180.16390034705296,50.836488149832874,Urban,6,0.15027556347161752,49.12755024814413,3,1728.6534765112997,Flood
29.897223217166562,78.16435411689888,226.24152003643567,34.438955877601074,Coastal,8,1.8346271509244856,25.472745236758456,2,1312.851421067537,Flood
30.91766334888019,96.18837507629225,251.800479553721,52.26244591445799,Urban,6,1.384553129035705,53.96782606261277,1,831.8141627294033,Flood
30.455454203915618,71.01837935757396,245.53564810443117,31.89396029490203,Coastal,9,1.9421164903307355,57.770659564537354,3,1743.373211226016,Flood
28.401542962738,71.11022904146478,227.32857812676954,29.20035349150812,Coastal,6,0.1539064032584183,47.85155103512559,2,972.9355067459155,Flood
32.3409336530612,79.5625750879621,232.66044775866163,55.43910992944748,Coastal,9,0.46591894950726753,20.97603126226152,1,1812.052509026299,Flood
28.589664329534724,85.86811402081636,289.0321857323213,51.951329430946615,Urban,7,0.7014236309034203,50.68753155724508,2,1810.515671279508,Flood
22.95453902460031,92.12746904766675,162.97988623829443,24.418964525255788,Coastal,9,0.5744779833081635,31.8523248182396,1,526.8109021001208,Flood
22.724203000017557,99.63167169208094,196.99916407245522,35.373065886387266,Coastal,9,0.43650777573012833,57.99844735800902,1,1126.3711636773926,Flood
34.92916826621856,75.01101838276226,298.4103527046558,29.266868055337735,Coastal,6,1.299293297984737,44.309471795154366,1,764.7920480082623,Flood
26.008309259360004,76.61458627210526,153.55888718596583,51.18337894267013,Coastal,6,0.11568535312679273,58.764105205632454,4,1637.357713556137,Flood
25.502933280687316,94.47499374971854,160.39930293059894,28.952704592904922,Urban,6,1.1858798696834063,43.203448313512446,0,1816.1912939455706,Flood
29.414246669159212,77.96800127766119,143.31268583090474,55.54992319475909,Urban,7,1.7242552345309012,52.38064298899512,2,1112.679819606048,Flood
23.86204231595642,91.70260341065755,209.25763231417875,23.241848636305917,Coastal,9,1.3665175273191918,23.04523437961201,3,1737.0214488877239,Flood
25.80720988017424,80.43427623706579,242.04290746063145,42.62927855983165,Urban,6,1.757259972710316,51.89704086427712,7,1629.074959336462,Flood
27.498645759049438,80.05356562777426,253.8314861324894,26.430395841932327,Coastal,7,1.6642683559154838,40.29870935043345,0,930.5571997623692,Flood
28.440141059299968,88.50780755127226,296.6135120449362,45.272541080666734,Urban,7,1.2680114061992227,41.59941518863422,1,1641.541853753042,Flood
29.614067064390532,80.25616498116058,233.87194076411066,57.2811242204007,Urban,7,1.8744569744729023,47.51542889203253,0,951.4453504202244,Flood
28.143862150849316,91.24516265935844,132.1231082643789,43.28681840705093,Urban,7,1.2418310355349542,21.829681352500515,4,1637.394793893534,Flood
27.60688477900301,93.1122225342338,242.99316778917094,37.83610825506993,Coastal,7,1.9942490003154223,37.04725208943891,1,1692.214323124894,Flood
21.894279278123488,90.81046677344466,159.73853030197688,23.295241824633706,Coastal,9,1.3090224285622705,30.930381079928374,2,1915.4238802513983,Flood
33.539910988143,81.92783193888383,169.35873642276061,59.359105918393126,Urban,7,1.7881984073582688,29.198184235643446,1,1477.5002380638275,Flood
24.78974570102154,81.05579031171283,275.58448497113466,38.928396267662286,Coastal,9,0.3710510314062423,54.744926718224434,5,548.7892692368779,Flood
28.589563509104412,93.89611872928529,206.674023272259,24.69232755849578,Urban,7,1.3711305744579427,37.21223579597851,1,596.3134056127011,Flood
30.127011272765536,87.45914205743196,168.4188127983176,51.90236402548753,Urban,9,0.9104402981636024,20.464821596324025,0,1088.7403346100273,Flood
35.41683838681798,78.74987736127909,245.09673950277767,54.40489588756818,Coastal,6,0.07923765069671429,39.220277890313156,0,863.0675237937912,Flood
26.512401465978147,99.59987779801439,145.6491977222724,39.95552613805424,Coastal,9,1.404929941088208,42.385947339476566,0,989.6919623659878,Flood
25.371043996077457,80.51880793627542,125.97655958244599,23.143139886200828,Coastal,8,0.2654315080861207,42.70163393046232,2,751.2238733886046,Flood
28.11298069950381,73.13703521003201,234.5574449178546,48.25902905947605,Coastal,6,1.8724244924873796,22.078851346058897,5,1722.2376706197683,Flood
31.952182196902978,83.569548535549,235.8439851353745,41.05610643744453,Coastal,7,0.16325996406117915,22.414083359622552,1,1807.6753498883024,Flood
28.5927988140772,76.57641962074133,295.65574604744364,33.47583167084427,Coastal,6,1.5793970142849583,46.34831102003504,3,1994.5008740851129,Flood
28.1140104345046,75.98627352787436,242.44108363763243,22.887936359167036,Urban,8,0.5153657770224274,38.504918269572656,4,1056.558144476904,Flood
28.360093980154783,99.62948691208173,127.21965445424685,54.681259844897944,Coastal,6,0.8772308383791809,49.01030641660546,4,1388.5254928900433,Flood
32.42962104917768,91.99339067245843,143.68218332290678,48.63299858728354,Coastal,7,0.35936621774048394,29.501732996955106,3,870.8466116047655,Flood
32.14027406244236,96.12249703817534,200.1549459004798,40.59269415718761,Urban,9,1.1859017028698549,26.54095490340091,2,1485.1049968119382,Flood
31.3231613508451,73.9262098215505,294.567788114138,38.151581655345566,Urban,7,0.14699349466002531,26.79031620350163,3,873.0714088814449,Flood
25.875763401417576,88.5143495981209,247.21989903938027,26.681676316037994,Coastal,9,0.07334285386708594,49.45608060262562,4,1802.4069207698878,Flood
27.22287356253789,78.0924883455097,130.2756340960767,41.24678112004128,Coastal,7,0.0786870813370193,24.884396560401072,2,1260.8522130325887,Flood
27.410950452745066,71.24718577151177,146.701776173176,59.46520491835388,Coastal,8,0.009879961868819231,58.07247141692956,3,1233.2698703853803,Flood
25.38659870788745,70.89920769618034,175.42738948641437,48.18723050946587,Coastal,9,1.3468648666498346,58.79648184429082,0,1508.9031773376894,Flood
29.210170070062233,83.31250657913714,276.26560578795096,27.085991577895435,Coastal,6,1.6762305792962204,57.78456877896093,4,545.5805895452553,Flood
28.592697970517147,90.29540157331739,158.8215274315891,46.355418809306286,Urban,9,1.3024659540829842,24.26372121231963,2,1965.761276331976,Flood
29.347685304759235,82.20723882168612,276.73562106070665,51.29541936233094,Urban,8,1.476898418502653,55.14062245205392,1,1501.390078345377,Flood
29.792200209549573,93.93440946575903,198.40499666632795,52.71336864700086,Coastal,7,1.088978195921699,20.230346419924864,1,1094.259037413883,Flood
30.103518226932696,90.86401620069586,189.94045822866224,37.94774490490123,Urban,9,0.7465035832586802,29.090785090526058,0,1405.1728900720668,Flood
31.268994595049385,83.90482131401717,188.36144043226136,54.53334598287301,Coastal,7,0.9583637552594619,21.02568263225743,1,1098.2341713453507,Flood
32.601934362548704,87.40517107681997,216.04845841083812,44.316203711737785,Coastal,8,1.625971477432187,48.724923049059775,1,793.6669785253191,Flood
27.24194293599711,97.8110363438892,130.84813025212094,57.37744107222057,Coastal,8,0.20284165689843303,39.43487036745303,1,960.9349473894299,Flood
29.176253589102608,94.0907769349799,217.04902980154583,32.45230796624014,Coastal,7,1.4323013484463871,30.90496002934135,1,771.7240243020206,Flood
25.092401169058704,85.7549015100118,247.6283271100379,24.275076923789754,Coastal,6,0.5131255674027275,58.517075009503195,3,1449.7270633910334,Flood
29.653111906727613,98.54210026619971,228.2901276263396,52.767554377071605,Coastal,9,0.45615954389786495,28.481793596329066,4,855.3058384617232,Flood
25.844778203292407,94.67842955541035,196.2728856567773,46.70199597165882,Coastal,8,1.247718649353146,38.07070714948917,1,1605.310617416273,Flood
30.684773130833324,95.88391232629685,159.0131640163396,23.828582220806467,Coastal,6,1.283943000886532,44.28376144355123,1,1086.358993858272,Flood
27.735153854946237,99.63356560644662,144.55915546021197,47.80578216190375,Urban,7,0.8563992298512295,48.70391062632705,2,656.1644740762495,Flood
35.73912801296296,91.73016451386223,224.10964506115363,30.966426662392234,Coastal,9,0.17131649919286107,55.76763498656473,1,839.984603340482,Flood
26.240307761311843,85.5717937272481,132.1702614465987,52.014260312894464,Urban,9,1.0800238292090212,55.20316350245833,2,999.5028695872969,Flood
27.407394322909095,90.0846086559457,298.94508501981016,46.47356759397515,Urban,8,1.4613010204784922,38.60822449134872,0,1343.4452238168647,Flood
25.02792283408689,86.07483053419244,137.40176093640952,38.014837450327406,Coastal,9,0.6951430484779642,46.59646897948872,3,728.6240199956262,Flood
29.888240754660362,99.77450506475125,286.86017422637315,41.59828521122238,Urban,7,1.0419159545440844,44.94342752011039,0,1632.905630745212,Flood
28.40062271434685,93.46084263011159,247.57404559373578,21.446415220990485,Urban,8,0.5262251398216857,34.40545629886076,0,1905.4367345465942,Flood
27.54259049085837,86.61406722137129,174.99437591844423,35.879260682971335,Urban,7,1.2011886667212346,40.62717710785991,4,1895.8928219658744,Flood
28.245488075642694,81.4186988042974,278.0353776801125,54.72226760429801,Coastal,8,1.5800608726141228,32.18716556392163,0,1104.4702681477422,Flood
27.703331040426573,75.20573544959527,245.0911960024431,33.84398906151142,Coastal,7,1.281944154690664,52.899222545374435,0,1793.021723408934,Flood
24.87486520627428,58.18758813252933,38.24049004514977,5.245158817812376,Urban,3,6.996657569430782,4.391219764867474,1,330.9742883393844,Earthquake
29.088831496001436,44.05498867464468,48.15575557945869,16.48588607685051,Rural,12,6.7795403327131485,15.184255885207323,1,1068.9915776282473,Earthquake
27.700563558415634,59.506032771944604,7.601242656432405,1.8404888133200448,Urban,2,7.149501059423301,1.7449138651642737,2,1480.4147103160963,Earthquake
18.587506894392387,47.17540312647777,7.112468434359808,3.641548182672867,Rural,3,6.44441596962812,20.74854166707958,3,564.963155742767,Earthquake
27.453181107113572,65.44047655748204,36.215873483833064,23.762809012816295,Urban,3,6.919398377193224,12.42389257586781,3,799.3847978157138,Earthquake
19.860486171431525,54.44032454905971,0.9596138411528343,7.794396262351027,Rural,7,6.342774264322498,16.05930394357775,1,589.4417491194497,Earthquake
24.923450754135022,43.2920859603251,27.397974448684646,13.631320036798826,Rural,7,6.3730944448754405,3.8159928806234875,6,1447.466628778738,Earthquake
27.896457498005443,43.994350125342905,5.107476482876905,19.760764386223308,Urban,1,8.02220865409082,2.292505783141543,4,894.5425241531782,Earthquake
20.256390885394374,46.80894083096092,44.46954580644221,13.518589701892736,Urban,3,6.264233699765685,29.648258130003942,1,345.6262178849459,Earthquake
14.190772691236846,62.38621772445516,32.95177671018404,24.063916743827626,Urban,8,6.088927167588871,15.257378683427355,6,794.5571163153259,Earthquake
31.275992422266263,42.06138497554803,21.214844294244408,2.4785299037780604,Rural,12,8.247252060015589,23.474547736918137,3,606.4961816222634,Earthquake
25.94208004148714,47.8213989975975,3.4627153142929967,28.79479554227787,Urban,2,6.805538758611571,3.7570071129848137,2,1404.3566174632892,Earthquake
36.81816721837692,44.69915310921425,2.1867812939984743,3.324238865394211,Rural,7,6.2375292474807615,11.279786698239342,2,628.5495690169278,Earthquake
27.106797840245008,67.8495259854573,33.79911377931777,14.881435160396597,Urban,8,8.481038501223676,20.143648046839296,3,1063.28491647579,Earthquake
26.86247854895,45.41783794525902,2.6929103499013065,9.601794975629504,Rural,11,6.673328245755062,16.186686614865152,3,1458.1556905523958,Earthquake
32.99561167574688,54.65182390194819,7.533805385493869,10.271509081006394,Rural,11,7.895462527691343,22.302713582298278,2,412.508304774668,Earthquake
30.009761338958832,53.014015367643154,8.04240869788731,16.74126975446901,Rural,1,7.854280153782325,26.443523390250643,2,1089.0723753336276,Earthquake
26.025133435309396,49.32786790022662,37.11740252862546,24.453551534411037,Urban,11,7.719710274699787,11.25779713327999,5,1199.454581362666,Earthquake
28.869163718211396,62.68793973674357,42.09851857483544,14.109571623053569,Urban,5,6.3117851422784765,11.561276491420854,3,1095.6504054005907,Earthquake
30.610875144008425,40.05639650574732,8.918629215366492,0.872141410318612,Rural,4,6.453298199813763,11.630207842511826,4,570.5265065564327,Earthquake
23.77900082403786,54.597929867312594,29.968448283146692,18.064369321574432,Rural,12,6.805270010572964,19.09471953147462,4,1290.1568011993381,Earthquake
25.554105475669015,55.60889730755962,18.67312980720867,3.6713027197553383,Urban,7,6.589643997859218,11.142660056191373,2,1180.338996050775,Earthquake
20.60474557412055,59.1265979341069,24.808319205660972,5.347574007139247,Urban,6,8.477816079553259,22.41658763226113,5,1140.3023513334251,Earthquake
22.300327702305747,57.574304379157056,29.323954609435347,20.930118825602253,Urban,3,8.351698112788352,7.778902765973212,4,849.8242640854712,Earthquake
19.442934939327827,42.41804541271374,36.39696534868826,14.893834570658992,Urban,8,7.823770571630992,22.96538696973329,2,1201.6501032348547,Earthquake
24.741779224174575,59.708654688014185,47.8307310541729,2.0687404906926354,Rural,10,6.705467686733,7.851170512077179,3,1211.2779149015564,Earthquake
32.46344284479761,41.96098472693156,24.378559683669216,1.008408005498479,Rural,2,8.266093633361027,4.177361133527855,4,1096.5476234107068,Earthquake
23.644381994787157,68.9018330264065,28.008409173092097,28.104673860992754,Rural,10,7.046983297685403,7.804733728861535,4,978.3963054859319,Earthquake
27.332149912167633,58.255818180893996,17.475318604340938,3.422873546638001,Rural,5,6.563292324878088,7.5289998402089395,3,1332.167632019322,Earthquake
24.821792588512583,61.68442909625451,3.383418095000079,21.23505291689306,Urban,2,6.2043133643669455,13.749019245859694,4,854.7546732007287,Earthquake
33.84931210338483,56.36295608220716,3.113655294094281,15.375079463109952,Rural,11,7.148099693992395,1.5586973266280524,2,497.64762411875506,Earthquake
19.828135860382012,49.90645194614493,37.83757528443175,15.58157578511812,Rural,8,8.194575195380102,26.387455648545874,5,378.24550951259044,Earthquake
29.415548885735795,56.161053938581425,24.890625401714512,3.1642109986989175,Rural,7,8.055257901500564,11.41260022522687,4,1251.4253028406072,Earthquake
24.61081401493599,57.32780097643473,31.72912087751519,23.93742478847682,Urban,8,7.300476308128886,13.428088209606509,3,1376.6236091575427,Earthquake
25.136613804320866,57.943378881070544,1.6691800893190611,10.910793742684207,Rural,12,8.050943768622433,9.394859844518471,5,1486.099187294492,Earthquake
18.58411286035096,54.56076949479662,6.1216949179470515,21.755566440821724,Rural,4,8.492695392704155,29.393473735635656,3,335.2369909228708,Earthquake
22.4894849795056,51.370813786572924,48.67286949880866,10.105215055833098,Urban,4,8.295519999056939,3.322453359568743,5,1283.1061258457535,Earthquake
27.793454830166375,66.39465741855086,26.27174562728464,7.330198223593984,Rural,8,6.217948669579578,21.572323420615668,4,822.6065452777913,Earthquake
32.91248181790101,64.18587643011372,42.186866320336215,7.619246237160741,Urban,4,7.848236837911933,3.190311787673238,1,1118.0033788819442,Earthquake
27.567477384605077,45.013960344136635,32.76412048458291,29.752278515035165,Urban,7,6.192695029878652,10.211402780000247,3,1215.7863495106672,Earthquake
32.28977616782846,67.10823533040386,11.638157355064438,24.22188091019854,Rural,2,7.626921368896868,26.226801724150548,0,502.89728442719104,Earthquake
22.421679830788943,51.69278162279476,18.975145168735928,6.80191148770532,Urban,8,6.3221217800006375,12.382833877980781,2,805.7328498950969,Earthquake
26.94121323892672,69.18328968676258,41.30195258332859,20.97946125378611,Rural,4,8.454496733151569,18.640334917605887,5,444.2966718140108,Earthquake
21.517901035386984,42.050228065967815,13.165789187660003,1.383706930072015,Urban,8,6.7095711175588,24.736044242610966,1,1176.2953765081752,Earthquake
21.721818101765734,66.31718371486602,43.86308814130898,9.912240116273216,Rural,9,8.472570895875435,18.785285147794145,4,1246.9930159064777,Earthquake
25.743754481176076,57.200480369056535,32.94125350700352,7.569217495182197,Urban,3,7.220936572457347,22.126972472784804,1,1342.2618075843466,Earthquake
19.397886700441916,50.2244709936954,8.241233767338102,5.1174573467127,Urban,3,7.113115280711971,23.664067917160786,3,1244.1004021853244,Earthquake
24.45031142314908,69.12298619424348,13.133782129932586,8.147062942531196,Urban,7,8.459600782138594,8.068768374794132,2,347.71915798628345,Earthquake
29.032820883404998,47.16569981205783,23.48208873403545,13.513959049734549,Urban,1,7.556299239324363,14.092312889720514,5,1299.980485767615,Earthquake
26.030247589397565,65.31773837835172,14.245401076548042,13.885558650475518,Urban,1,6.5462745858853255,11.903905412589493,0,633.3864873380813,Earthquake
22.096111057480144,64.54620006244743,26.579973230221544,26.3958803208348,Urban,9,6.07417055766185,20.262606226412675,0,840.7164227797608,Earthquake
29.26856522841414,67.88280083419342,8.260196966892508,11.696170588246323,Urban,12,8.205646390237119,20.128290142275237,3,1444.8397531020487,Earthquake
28.43931663593509,40.0631152952765,35.87860623657972,24.88762670595751,Urban,4,7.716474783731517,3.4346291419771537,3,802.7373482249704,Earthquake
27.098327612990346,62.535341434252544,3.550383226662773,2.4054004224571033,Urban,9,8.354314279047312,20.05717940168742,3,1063.3152556914506,Earthquake
26.033620236224973,66.21095780399035,36.19865277330469,3.6167524921107077,Rural,6,8.072544331363728,29.737896802008997,4,779.2424980736291,Earthquake
28.79469300060974,67.30403910346402,40.40113149532765,6.481540950350616,Urban,7,8.041808006396362,2.0215366435656756,3,951.0412422387018,Earthquake
26.311811901618313,46.78837324642696,19.211981006869067,13.503700835457966,Rural,9,7.077463051283241,9.566004549634165,5,500.2322420385034,Earthquake
30.255970054930202,52.915880153866226,7.129707204095437,26.70291105551425,Urban,4,6.849422067877795,15.517181451429957,1,763.0494034741391,Earthquake
27.182125647465394,43.03779743845477,42.35697448468925,15.932560346557285,Rural,4,7.4505537969625735,16.790653345138196,1,1466.4303077959094,Earthquake
31.631710989936103,46.854602402643124,48.8726058995184,15.957381195727901,Urban,4,6.248255506884233,6.265922121172199,3,476.47422067990607,Earthquake
19.51938487630966,65.06440709146983,18.519849313765324,11.24410703345389,Urban,7,7.110319282914379,29.845739191779646,1,1028.252809892316,Earthquake
24.82002294011379,44.5475287860964,1.5468822365670987,29.122264610317444,Rural,4,8.450272481034418,14.336353440667274,2,1306.2590578833938,Earthquake
30.311171651748015,61.27041172861095,8.858546263593276,15.223390983592264,Urban,12,6.587593037009563,24.920655315602307,4,1280.1083161434337,Earthquake
22.66282828087515,46.21927009562674,39.119416473004364,22.037337693642396,Rural,8,6.814557793911124,23.775641758887573,3,1153.061660018783,Earthquake
33.32220126974105,50.60382221640347,22.92332122846289,1.1394468986956041,Rural,11,7.373306198507935,1.7322315560752133,2,1463.5292722177144,Earthquake
32.80953212383053,68.47336429268321,25.645120807359877,2.8101726211773057,Rural,6,7.4718288053282995,11.259897237588056,2,763.8486081876334,Earthquake
14.321628930106522,57.31837087699394,43.27885728122761,29.42218030750288,Rural,12,8.068797305265758,22.93583383964153,3,1324.7543603465065,Earthquake
40.688742668299966,53.17449449901245,42.34844271035303,26.792706155862447,Urban,6,6.640118912762386,0.9237014898134355,5,1346.4580061364093,Earthquake
36.198715199639324,59.334108313631006,40.989890249236375,10.002219664773316,Urban,8,7.321445274305493,23.801820429160433,3,302.7810574857766,Earthquake
27.30035303173719,41.32485808533494,17.089120236838085,18.987189920353025,Urban,5,6.014164536323918,28.112730853763843,4,778.9202256884677,Earthquake
20.20086001543176,60.62219092408713,1.2249224133826175,9.184120226387796,Rural,3,7.580224573765605,17.311219933857323,1,421.1294399730258,Earthquake
29.875255476517342,66.06832756837434,34.08743220450806,3.3879492805803393,Rural,10,6.605578044561417,14.347796525856705,3,1336.0809202284022,Earthquake
17.036994578281956,44.56988768393607,13.308400625776873,0.6608076367145099,Urban,5,8.10557686585987,16.469413483249255,1,557.5536879105634,Earthquake
21.21225144380359,52.48364284213277,37.98057143498983,5.6352855761332235,Urban,7,8.16733367087971,13.618405443250712,5,663.8328713532553,Earthquake
27.61885554916447,43.5986107907167,45.83958453511676,21.6196543584934,Rural,7,6.396560361315945,26.459765091649075,4,526.847429673038,Earthquake
16.309097638317283,63.49049911950199,35.75193594253419,17.80457288927804,Urban,7,7.458166294532614,14.009039998908321,2,1417.06484647297,Earthquake
24.15275381258316,56.94953073025761,43.327399087454346,17.15427490821461,Rural,3,7.0845435489413235,27.29829431563176,2,1124.4231198038913,Earthquake
25.74798739036777,54.81442121370786,19.382440272782354,18.981356362458026,Rural,7,6.010908174125773,5.008592662415961,7,1238.1886360139229,Earthquake
22.809450878782027,50.80151397702935,47.83999077421431,15.012034371306036,Urban,3,7.144249012898235,6.2664817201549115,2,1221.081154221502,Earthquake
25.698884848831177,52.49513295711637,41.10899434082116,25.51044003359686,Rural,9,7.643383705425322,14.16845412488945,4,463.9210843814071,Earthquake
31.372959376467573,49.4688203129005,32.24163020111569,11.853927228345098,Rural,6,6.4980381872351325,26.70645007908523,2,433.8146547855317,Earthquake
29.050311520263456,55.475857081369846,13.379633836398575,25.06440677226583,Rural,5,8.277671756918458,25.147960786371147,2,1183.4405100729145,Earthquake
28.295156744362014,48.000255899859326,36.242824965750856,26.32941058952344,Rural,12,6.99411894898009,22.86927096065816,2,457.82192029965347,Earthquake
23.622448547657996,65.71388679568847,28.7677701625778,2.2915483497436795,Urban,9,6.300518072801441,7.967484988758182,0,651.9703329366776,Earthquake
25.509281476309933,50.44286779504864,18.586964745316514,0.040608771464044624,Urban,5,7.6161468540948265,29.225833314490714,1,1378.2727256098071,Earthquake
32.74510075747594,63.49595239895878,39.01880617854902,13.739872770107144,Rural,11,6.757289322082982,1.9708457686309733,2,1196.933287916033,Earthquake
21.524781699251303,68.73369402964612,47.13621595470561,23.55568629445225,Rural,4,7.361205832000657,28.88305050759618,1,570.457521608119,Earthquake
24.79415261543725,45.8749925240281,7.040147444633805,18.6724092469799,Rural,11,7.445745998550901,4.40888128764629,4,714.2306501930526,Earthquake
23.829900704465093,54.099648044738096,44.507056869800735,21.231640508025823,Rural,10,6.368257610697426,0.23524772315750453,2,1449.5209452681245,Earthquake
27.331791872231673,55.8897917183686,12.094664705644458,15.018107134641227,Urban,5,7.55227147554427,27.859808610446485,3,973.0493560351412,Earthquake
24.711960181422477,66.9302401803387,33.717448951173445,4.109971891610141,Urban,2,8.134462304261667,7.259313909511361,7,824.395062798745,Earthquake
30.616196624119098,57.806828061363575,3.6540781013507493,18.670297938517383,Rural,6,6.475269124459319,23.7778534886515,7,1161.9974104464047,Earthquake
28.59878971074091,59.998014371398575,8.134987190428294,16.952559373582687,Rural,6,7.507660765426291,25.062234925263777,4,1269.6951388269958,Earthquake
18.53363521064418,45.3366437214707,25.734180856071948,24.248263186678127,Rural,5,6.6145185982653825,12.082931953867556,1,1381.659715970322,Earthquake
24.963999771048318,55.38160743437884,24.077467013792713,19.063309369785678,Rural,5,6.081544870853916,1.7310878524769657,4,988.609504925416,Earthquake
28.075150968861596,52.46811687722006,42.36358338609297,27.067092103867143,Rural,4,6.254509207373842,15.17873723204795,1,343.22258194971164,Earthquake
26.069519341007407,48.4743623193108,47.52295852876479,17.448668789675807,Urban,8,7.450222086673636,15.500951556788033,6,1236.438603608258,Earthquake
24.05293164509225,54.29007199903296,24.87699260730511,6.140403271718519,Urban,8,6.46533974438337,9.946940972015813,2,382.80911113537957,Earthquake
25.05570781524379,52.28236215451055,40.543929050395924,25.07477783731548,Urban,4,7.734045143684488,23.1336844755566,3,638.9669116440044,Earthquake
28.548206452529037,52.75684556313082,1.878554519945369,3.8360040366725268,Rural,9,6.000029086888415,12.496974854468766,1,1467.6937955667995,Earthquake
21.34243298051835,49.118275367650824,11.520833105867496,0.04421466258934248,Urban,4,8.417113749498213,6.7288044985513515,5,1155.1455997182154,Earthquake
19.884022443408526,64.50338399516909,9.080698387830132,11.128230244732956,Urban,6,7.014377921537653,6.614653040673192,3,797.363658647212,Earthquake
25.66628616930639,48.0654022735853,31.421702370949944,14.456024378238498,Urban,4,8.37302156717628,18.964784975593723,3,506.5070751543112,Earthquake
16.25389978494895,69.1725999712031,22.4406822873303,4.770750112207839,Urban,7,7.154290359532798,27.629835632897276,5,714.4103426938655,Earthquake
27.19750615310113,61.81170284846171,28.103639720128555,28.412720013255573,Urban,1,6.951294274674736,4.89106010794773,3,1306.796793261613,Earthquake
28.89468251756057,40.342539503622206,35.18498898145255,29.10771329178171,Urban,7,6.587433512489882,21.14613030130145,3,905.7547179654338,Earthquake
28.494142101012674,45.3776683572337,40.00017408818407,16.581212271556357,Rural,11,8.19835255044132,24.263699536906152,5,675.435793026156,Earthquake
27.10486472194695,68.05891295635983,42.53401303024231,29.457170942296173,Urban,2,6.61877518285103,4.8844514903059135,1,768.8185331831271,Earthquake
23.167494722439493,68.04983295516297,21.527010475359496,26.339534909545044,Urban,6,6.61782888665348,10.675642777776343,1,1113.0491346042409,Earthquake
18.599373465334054,42.16333278788306,10.270070423901467,11.443231242399344,Urban,4,7.678697871668017,18.968464609129196,3,633.4233313076547,Earthquake
22.46462192238247,69.41106222826555,3.375127334191097,15.561029831417851,Urban,2,8.42669136352436,3.399105141823926,4,777.1348542634447,Earthquake
16.65774224044476,47.92828789475918,10.26664693533999,14.491190926766699,Rural,2,6.7186541622431255,19.702681904236712,2,390.7003366248804,Earthquake
24.583078623628534,42.76200958247426,29.952229357519077,18.709463348707985,Urban,2,6.668505069643853,0.453320526434251,5,625.315504516879,Earthquake
25.928462948705295,57.930048481081094,43.304781680584576,28.402011867701866,Rural,9,6.3870715314943,28.34208776349239,5,789.7820290400377,Earthquake
25.218898813569446,47.59304617538827,22.51271230714452,28.72743045251452,Rural,9,8.099504016661067,5.656218172477534,3,820.2993511591372,Earthquake
23.72079431548454,42.77876449154102,37.419217483811565,27.43645991545677,Rural,4,7.086008297516525,21.70343453550003,0,1007.3447873816366,Earthquake
32.841198794598256,47.260662399426316,35.70263616890634,2.741744589953292,Urban,5,8.193675116636205,22.161694521796992,0,598.0515124437602,Earthquake
31.451840610973353,46.43219448979494,13.540316401848628,7.426793108396592,Rural,11,7.1473512914920505,21.982004243584953,2,1441.7888522121445,Earthquake
27.039383911876605,64.68951415125302,46.63552540663807,16.327618983410932,Rural,3,7.541959019631353,22.28644481003817,2,745.3355261161535,Earthquake
27.262657181797422,67.62299825390072,29.2224454878713,16.149958297671404,Urban,12,6.921122299791447,26.86038267459508,4,1146.5529963401837,Earthquake
16.923167743616368,59.47966973730645,46.81403107344633,1.9201903982586277,Rural,6,7.962744285239269,17.96536200238317,2,863.4306504526352,Earthquake
14.822345785910635,40.84933823208004,10.50146747581408,8.431142441430847,Urban,6,7.637934286310845,7.807097939556881,1,384.5903347717736,Earthquake
27.71352198988362,66.45071835530524,40.70628427955809,20.55402929623452,Urban,4,6.722968615739875,9.29420625967407,3,724.5469904837232,Earthquake
19.805701051065597,64.85666793718244,39.46464241598428,9.233874950422368,Rural,7,8.382037542506264,9.802276260901225,4,771.2768919256995,Earthquake
25.87605709454256,45.81589203810678,42.940838558407734,20.30822348990512,Urban,12,8.14691069837368,22.450675609972194,2,1108.3745009698891,Earthquake
39.926295013017054,45.377597672178425,34.69747952550784,6.88794482261906,Urban,1,7.851565372235926,25.889171969608878,4,797.0411106861964,Earthquake
27.8630405395705,43.64486173263296,31.731962824369024,17.464314227333954,Rural,9,6.529735826100273,9.330074841980409,1,621.120958634049,Earthquake
26.743452258786228,50.07021499117179,37.46952264005795,17.15736611551802,Urban,9,7.039437758808305,12.868330002904328,3,900.1353024919524,Earthquake
30.076140458325362,58.94256763655129,26.62520332079909,3.461839265367521,Urban,5,6.293009764200583,10.116197266972563,2,770.2312478256313,Earthquake
23.793844668513245,66.87024332856336,10.215819169948514,15.234151918763374,Urban,1,6.045310102614325,23.782743407184384,1,972.8139539267399,Earthquake
32.320886193762185,47.59817150568145,0.49893883292246866,21.70330987064736,Rural,8,8.090294258018123,24.641650887020827,4,520.1306356841214,Earthquake
29.98429386732904,65.64922058684422,44.127993838617364,13.989292684205104,Urban,9,8.008844148656507,27.05322085638686,1,1352.8205437594063,Earthquake
29.242154411026423,69.04197436152276,3.3282363957111425,19.449540223562867,Urban,2,6.938672321166251,24.114436355803402,4,720.6246411433942,Earthquake
13.765553330076974,51.175998212786524,3.4356838861980488,11.087225982803195,Urban,12,7.806844380597012,19.70188454164824,1,561.2008794966432,Earthquake
23.95522922387993,40.15940427005038,40.22473212159112,23.184287198710123,Urban,9,7.452537733437774,12.782129328782911,5,548.690759722654,Earthquake
35.550677910428114,61.3970760425001,19.33100863169171,19.874518408248246,Urban,12,6.976887880824092,4.760366210690547,4,949.9757018601118,Earthquake
21.03437327416425,52.44913646200234,35.63888381084155,11.58635978451092,Rural,11,6.463431947706279,17.99313944911494,6,832.6310261055613,Earthquake
30.304068431276946,53.52328851659092,47.92489178338701,12.932605878698682,Rural,6,7.333128498197756,19.102851511329813,4,634.1490556482877,Earthquake
30.19697526521069,41.89420878782174,38.83952417036136,24.649437988853137,Rural,7,8.458264142046168,23.601250221219274,3,856.78815775731,Earthquake
27.483323671136873,47.920130498783976,20.76204861670202,26.65392329768762,Urban,5,7.575099696199955,25.743611827533105,3,1183.4746590342602,Earthquake
34.483690909982876,42.829822788731306,37.40023681857017,24.38140859679186,Urban,6,6.237294842054174,29.966778360998717,5,348.4209922316396,Earthquake
21.384421846805264,52.335745539837575,6.504033491447347,0.6727766748616537,Urban,5,7.959345627688091,16.985420736752125,2,317.25773528650205,Earthquake
28.110349951530242,62.8690787350288,1.9469008343832805,25.113588834919565,Urban,10,7.4084883767816,18.738421443435946,7,574.6505549801988,Earthquake
31.64466659767705,57.90555630663278,46.409104905697575,27.874185600463882,Urban,12,7.319193665554238,6.349076957095836,6,845.7172110631933,Earthquake
30.94757521332521,51.19367855267151,47.084599332901526,5.02071096710343,Urban,7,7.7272099413770565,20.914074176754276,2,1063.128392192053,Earthquake
30.855603155169636,57.97906348418313,8.967800514462049,21.1541743671169,Rural,2,7.669401479007883,25.12101239310452,1,1234.9231036749443,Earthquake
32.77080210357387,65.14464924965928,40.14054674122502,28.82760440786474,Urban,12,7.221239081649763,12.056615996721902,2,1405.5690146555705,Earthquake
29.269879882761117,57.49572412831293,29.642009025405507,10.6477398263103,Rural,4,6.0793594134324715,12.700054324595925,2,1359.4977798224666,Earthquake
19.346923325312368,65.88990494076616,44.30467176566041,5.899607548588762,Urban,7,6.716298872317807,24.07920937058789,1,1376.8390389491183,Earthquake
28.113556119501343,58.67891600795974,48.669130958241055,13.950285525792829,Urban,5,6.1559851714956935,10.058371502348871,3,1425.558277720673,Earthquake
43.10634531955721,17.711951850266665,1.4206977808800425,18.431724062001145,Rural,5,0.4691072110475787,78.05686502360928,0,217.2437623658754,Fire
43.91458232617718,29.461535958245967,15.185850138369473,48.71045861078248,Rural,5,0.7982931972091867,79.7876175412344,1,190.77528475696477,Fire
45.334019793217955,17.106394969477755,13.479884162914608,12.502593688778063,Forest,4,0.8090236402916764,74.40765770751312,2,157.91578493273292,Fire
48.29899393604014,16.048390225570728,11.268167289677082,42.152195619339004,Forest,4,0.7805560268872138,79.1087181443152,1,221.97038115176568,Fire
53.380273126583845,18.834929832754142,19.684689984688678,25.828318542951703,Forest,4,0.28191904290472913,80.91428923422801,1,483.06626429445015,Fire
54.893047452730244,23.284034261435714,3.984919088166281,11.798457663662045,Forest,5,0.5625552012730474,92.95480986450299,1,465.93209909330886,Fire
48.121275630901295,23.12110043951408,11.19157708930684,37.48156602329922,Rural,5,0.1170117248579462,93.99153740856158,0,588.971437646396,Fire
47.409889779327884,20.27701469153196,18.065960287514212,45.59534905893946,Forest,3,0.5101483804563233,92.08719430401499,5,295.5911189232504,Fire
43.711496654312356,27.09406900186395,3.3060457227592255,44.17043155989343,Forest,3,0.4065567838081042,97.09572336503288,3,649.950172470389,Fire
45.28637977220505,28.7778992008255,17.879704100939215,23.499213026995925,Forest,5,0.5732231944495915,80.12947905997704,1,276.8522214349007,Fire
48.76096279444496,20.439060069571276,11.778661498911283,40.06704688091677,Forest,5,0.600281460528037,71.6054338873913,1,285.7590781213828,Fire
49.206387166424484,13.990106298592169,5.878982020337951,19.483388340693605,Forest,3,0.9446657321710952,88.29824675788154,3,640.7614002555828,Fire
51.13234844065009,22.30507306564828,15.208486233649435,30.51688659099063,Rural,5,0.9351720867264933,81.27415047538258,4,552.6203107640633,Fire
44.94763539729028,23.400650756151336,9.36660371867627,40.942109674595486,Forest,5,0.6263223516561951,78.35412186782656,5,335.2049412930761,Fire
48.053873042909636,25.467620955644996,18.299317301559373,17.565564000919384,Forest,4,0.695624652354058,88.32312192055116,1,497.92542895555795,Fire
50.4697038832756,14.215628987093766,11.129124116509129,44.25973611050294,Rural,5,0.9273551805862972,80.97657428670641,2,161.28406481944643,Fire
45.6764146987165,18.37164571062978,5.85032850952504,23.288222837892864,Rural,5,0.041499167183079444,89.11284102473327,2,306.9581791287397,Fire
50.05500705028399,21.992551369198427,10.126606187085356,24.016530000407897,Forest,5,0.3397702422988438,83.66857469311755,2,404.95135331955686,Fire
52.32825063209558,15.562583109732248,2.8451047955363085,22.526528073191084,Rural,3,0.08898971485634666,99.75088220117355,4,215.4193435955969,Fire
45.119861730309445,24.202652811290747,5.458999894629757,23.65701078417193,Forest,3,0.9132326804214563,75.68180253654538,0,142.0674872647191,Fire
53.76196244184153,22.950329296867263,5.460812386556135,17.087700040447643,Rural,3,0.1147969272512801,98.24598730853323,3,601.9843979305355,Fire
53.12972248717867,17.135374232465452,15.149288909014354,21.802893970572374,Rural,5,0.10705717855418606,83.20174139528196,5,440.072200238842,Fire
43.52000596183009,23.6430632312327,18.99799336492152,15.48357832315026,Forest,4,0.632238150867861,87.50815111024299,2,252.53609577640944,Fire
42.19729946972875,21.62834211164041,2.117064717558177,44.920775761188644,Rural,5,0.6996899090587084,82.3257127552149,2,277.7564403465873,Fire
52.13984824983707,11.974744137653317,1.513222078082217,24.461655950161543,Forest,3,0.5850784422062031,76.788257524498,5,711.1761899349593,Fire
52.26339987951268,24.963216527753712,11.225113561498482,19.849766438824005,Rural,4,0.7935706545388016,70.95335453071974,2,180.99092272621152,Fire
42.354250155360596,20.47172970442906,4.36519745387459,49.577270631185264,Forest,3,0.13788526935601042,90.66287622434096,2,727.1189268348617,Fire
52.321082016179545,13.166078002112286,1.0357177746563373,32.29242301257234,Forest,3,0.834590952595272,80.75003970015021,2,197.71920715186008,Fire
49.4941416882508,25.23767223724888,15.630112954843643,21.030296177651252,Rural,5,0.016756304492382412,90.37597453603507,0,394.53284123614804,Fire
49.82186813223785,28.74217889839354,6.236042739115373,19.990886497860792,Forest,4,0.9711509073682858,86.86566433193576,1,392.3668970718963,Fire
43.51266030713845,22.255916710730208,18.769643164283092,36.47110929886554,Forest,5,0.35466620498508283,86.51990138322554,4,278.7354616342709,Fire
43.376366136770685,17.09795366973108,8.263450344154391,37.03291700416294,Rural,3,0.07010813964125695,81.85777946293473,1,679.1115048160722,Fire
42.544897817311345,18.383657518042426,3.364073115330364,45.17320862713896,Forest,5,0.23138063637684803,85.07281861499129,4,741.4943811724463,Fire
50.260386639204825,22.596413088694156,8.064212663676456,40.09591529215152,Rural,4,0.6774380712282945,82.85373711546386,2,683.0508009019596,Fire
49.02385491327399,26.893318181804485,8.626034126820292,25.1616194153214,Forest,4,0.2511692675484013,95.32636975858429,2,501.129540433311,Fire
46.22774555159074,10.785388284833047,5.4399721068871205,10.255161736263627,Forest,5,0.39515529747230504,91.85112563018939,4,648.3085880692333,Fire
45.457069858217544,29.806646075872965,0.5153919752870229,34.141152260044834,Forest,4,0.6880455570741288,73.61162736367267,2,255.87325538615946,Fire
45.99381342127652,20.929170834562488,8.34386837129153,16.409024039060252,Forest,5,0.7572829782755007,96.93893940543366,0,375.17273529158075,Fire
43.303192328397394,10.331849612651958,13.234373652879132,34.09797767866351,Rural,4,0.2338128330930641,70.71123260933555,2,262.0326496357087,Fire
53.28932381131014,28.529275959123698,8.392547656136207,12.024898890762966,Forest,3,0.00968688274096774,95.73865272745172,4,588.4014152873051,Fire
46.73346607513649,21.324300315052334,0.1251494205294046,12.47542806721901,Forest,5,0.5660716464481651,92.5435883337803,0,459.22815862974517,Fire
44.527819377611955,11.863922391253894,8.209915881211092,16.53346592356229,Forest,3,0.31755457986950175,77.78165202229589,0,162.9413714017916,Fire
44.51224239804419,11.011183759190779,12.529140393538542,21.49306866035608,Forest,4,0.7524683375864943,71.53881546943647,2,376.20062072324663,Fire
48.88922763009303,13.227347167767663,11.439917565671855,42.21729317199945,Forest,5,0.15389990469377368,74.47748409224421,1,385.91890698593784,Fire
50.83606381883349,11.133608643316709,0.6934540845213277,25.67642251775636,Forest,4,0.19343534295648257,89.24513443768755,3,260.99562777426837,Fire
47.34695163686101,14.810631703602974,13.447676865834072,43.04258738193142,Forest,4,0.39699216220747413,74.68950912126583,3,156.86074436467086,Fire
54.90356334134093,13.124030158611985,19.768419879269622,49.09119730265789,Rural,5,0.6594229620819976,87.33421150753254,2,533.5729785565513,Fire
47.34547618630339,18.54972908180536,6.605693350041689,32.56927266738144,Rural,4,0.02353249441409877,82.88868591690533,1,169.6825589661426,Fire
49.84149815299068,20.472010943052233,5.071682339927383,28.83800235090058,Forest,3,0.6520930618816506,93.4275806915827,3,301.4819091961241,Fire
43.21252880811621,29.27646321756947,2.701602924515214,16.071016394044083,Forest,3,0.9439282834764579,92.97487117704729,0,100.94238966959459,Fire
46.91531000723686,12.86790740021785,0.3677228430319457,28.56266757618019,Rural,3,0.6253301699544539,92.41234801387087,1,191.68162009592186,Fire
49.87796057452333,26.98892812451471,0.8999364247084873,39.36605036166585,Rural,4,0.5941418627564575,82.34123714237768,0,119.49073530418937,Fire
50.09551966980683,26.135151275782523,16.840313230134882,29.30853892307738,Rural,3,0.6728471334885447,91.727635824974,3,664.1852306073087,Fire
49.696218956257816,13.318020487415724,0.49368314449169226,24.510144015966084,Rural,4,0.8398203522034884,73.82457040420739,2,696.1160235129533,Fire
54.8888963819563,24.53677662096475,15.695393636499759,49.77661070235494,Rural,3,0.3078863820162494,95.12592502228168,2,629.4339887080206,Fire
43.061674586181255,28.485741415893223,6.516469215409694,15.110986111599619,Forest,5,0.042469909256533156,90.53878582794898,2,188.3897959754123,Fire
52.574648270215434,28.485085492062318,9.213396596669783,29.958844676550637,Forest,3,0.894265118256414,89.34708715877068,1,723.8400511445217,Fire
42.17724231077568,16.45453145453277,11.08713362432738,15.928698483972985,Rural,5,0.81527633109056,96.83213165945521,4,566.387503035327,Fire
54.854861908059135,14.514554476782548,7.797994925821612,29.201895092403426,Rural,5,0.08103861046505678,94.89168598964874,2,146.06823248340353,Fire
53.587136682683884,19.2762849945536,6.400546331247838,29.05845084957598,Forest,3,0.48903577530762,95.78669190753811,3,566.6319594155607,Fire
43.55430597077673,21.452857062311693,5.13486992619516,42.163826785343716,Forest,4,0.9946841651964872,72.77501313816892,3,444.4381425676804,Fire
52.354610756408206,14.6508266324171,4.520663935773042,32.0420381317973,Rural,5,0.47849107010718916,87.56691186379905,1,139.91883980253357,Fire
43.371284556993466,21.71175367745225,10.886897752686423,19.34963168146977,Rural,4,0.8200675020556494,71.24736879539782,2,315.43963370520436,Fire
49.97729273886199,27.958705868874738,16.198488406057987,33.32520876398334,Rural,5,0.3648224702077987,89.22896584296274,1,591.21679171408,Fire
49.23404028553469,17.172431639071828,18.226783801572616,10.83736471306933,Rural,3,0.9751799759755083,94.99613069790023,4,315.06727329340436,Fire
46.81031881385661,21.00943554205881,15.80029683119764,22.719302053613397,Forest,5,0.34562499357640153,94.47308213905322,1,216.23676503707546,Fire
42.79436067905522,19.986058920286503,2.1267459469645433,14.565598772385284,Rural,3,0.8726550721760554,83.56259790434098,1,529.7856193913756,Fire
50.01356630583431,19.148861117397765,7.938959458685857,28.215325419224303,Forest,4,0.7304924774822994,74.06066304919852,1,283.72940958488516,Fire
48.82835944416058,12.224174946764375,17.363385906530084,21.894461252338893,Rural,3,0.6756213095982433,71.14258901797957,2,129.374851410544,Fire
46.72738966595284,11.97188460483873,2.3295569934667415,20.170449257794584,Rural,4,0.5299703410214206,90.3517565650904,1,220.4602227168385,Fire
53.42400024730789,21.167046301282273,17.39875665795378,24.861860452794975,Forest,3,0.5236634160546108,79.57370469461388,2,320.5072606637121,Fire
52.288326756590685,28.315764789082543,7.195881870905989,22.278891288360725,Forest,5,0.6784911686505812,79.69299104999011,2,522.3339373484243,Fire
52.42189581148696,19.39037330691267,8.453120675779166,49.82551334379233,Rural,3,0.8950652888512458,74.47422477819212,4,258.68345645244653,Fire
49.36960635124397,17.03084520099396,12.207549906366552,10.964407736346672,Rural,4,0.12709624021843924,75.67850937748028,4,408.8053865614427,Fire
44.59235077086095,15.289436333343815,10.070939630237723,12.724360988940902,Rural,5,0.6314587925830206,93.53216419638392,3,523.5626629783769,Fire
44.86633931239174,22.51301578854553,11.432152989658878,17.393535917880996,Rural,3,0.6043593197147711,92.91076808050961,1,566.5653836851245,Fire
43.04137444592483,18.83667409603909,3.2673351679684037,17.378362042395334,Rural,3,0.3867070570439779,71.53450616861193,2,367.9488702821284,Fire
52.908905904919784,12.906533848410081,10.113934875627479,12.481656678262173,Forest,5,0.520449404165286,99.8374596710578,1,179.47844962840068,Fire
53.92805912549868,25.556224889169016,16.44678222913695,46.11055151858035,Forest,3,0.4511931914507237,79.91174420996849,2,755.8495046117972,Fire
54.79240968562869,25.929687786591614,15.135161804938566,37.22232647116406,Rural,3,0.059105820875654524,90.72178945339789,1,749.6362251601937,Fire
43.18482831278081,15.718010675424047,13.44779625597409,16.794903776179055,Rural,5,0.3311464891641498,92.97914724565537,3,791.9779909319947,Fire
42.53856515465204,29.3560547529697,10.997283567287964,48.52636108260266,Forest,4,0.4904085191855132,75.08512275598176,0,532.2703805436181,Fire
44.701184472501986,21.75394036575092,2.2472896389797126,23.27945885730811,Rural,5,0.43705152184218765,88.83236244692009,3,773.131064932316,Fire
51.49316334665228,19.79740953435489,12.614348889838585,39.587315910524325,Rural,5,0.016675813489839153,75.84320493061678,3,465.31902971056024,Fire
42.88365289765225,13.62451122099419,19.143939270384692,45.60552213787656,Forest,5,0.4596445973857374,90.27283878685671,2,542.9618274630548,Fire
51.99596057942519,29.88163309291151,0.22157105188619353,39.20693813242707,Rural,3,0.4340521760809567,73.82710523714113,2,611.6157363255454,Fire
51.10943177669543,21.78040181961823,18.773296265867444,23.994175367234178,Forest,3,0.6559033130983996,75.96442182812208,1,148.40749740295087,Fire
52.757483641263754,15.090810858433223,9.460550066860414,11.732610930172477,Forest,4,0.3305610023062908,92.3421018348763,1,459.2225575974251,Fire
43.69655927528672,18.810783197459894,6.34610954840973,46.47838336798533,Rural,3,0.694017414105742,75.48253497962308,1,735.610562562482,Fire
45.153517458959726,11.826176050893405,6.373792079810472,14.187038821421334,Forest,5,0.5738505979750267,71.8270579929848,0,600.0898710293484,Fire
46.70141223293358,12.507506984677466,5.072255417194165,35.683460294095966,Forest,3,0.4945211251204079,73.65085920180017,2,665.876417612816,Fire
49.951403452069904,15.914951251900414,5.114874030966008,23.096838349337922,Forest,4,0.18117185085002008,93.72073305700503,2,512.7574466060834,Fire
42.875899329785035,26.630815726753312,3.5465310644787884,38.92286544198676,Rural,4,0.7148995340913137,87.36932939662435,0,352.26284465421946,Fire
49.86291258171356,17.749025918450773,17.26959789825626,22.352091013984612,Rural,3,0.020137848949289827,74.61351116539649,4,752.2182823215558,Fire
54.9603424263517,24.403149218618804,5.744424184103016,45.190096091773746,Rural,5,0.2310808528744962,96.92157152391144,1,196.68770519817306,Fire
53.16845284940992,20.001165183821733,13.497864061083096,19.562655363001188,Rural,3,0.7600055449620985,79.377940747249,1,783.592716326033,Fire
50.392833501759355,28.69087761431031,6.067710872582664,41.27563651987559,Forest,5,0.6916556518665415,98.96916925800402,1,570.1962014708425,Fire
51.48102740620368,21.501211469176294,4.136357862667925,30.178237666774216,Rural,5,0.42746652816668906,89.35655727533992,2,288.41309969414044,Fire
44.5822109802043,25.667744399916767,18.185053888739848,24.80928742738307,Forest,5,0.765193833754392,74.29484073433579,2,651.5790935136521,Fire
53.742225366236696,15.348305569442154,16.24781448372302,13.296238874477929,Rural,5,0.8754886503958965,79.07398952384409,3,583.2259928305102,Fire
54.285312839547395,23.65080957534314,6.632336982156679,30.02317269723325,Rural,5,0.5105704087285036,73.5985882519291,3,766.6707266791072,Fire
46.274694032031924,23.2462747746144,15.036502919133623,42.477849385515334,Rural,4,0.8585064545515545,73.95060710308621,3,711.1302029106423,Fire
44.195160023815134,11.072695830416617,14.349299812238243,29.01902860930935,Rural,5,0.38339714105825895,75.04835765523138,2,604.268799010512,Fire
48.644477300363505,22.086259644806397,9.217966764131639,43.148359352720256,Rural,5,0.7093888218243862,73.16204132189387,4,607.7601201644002,Fire
43.46367606487953,18.155560688123252,17.727607239202833,11.887868067895159,Rural,5,0.6791625683195628,88.9412793293013,1,759.4407536420168,Fire
45.87754190504359,25.510105934379986,7.862435964141583,15.57016283138816,Rural,3,0.2215172721131058,71.68486029709939,1,220.117456945633,Fire
44.17697667873385,19.25187094210306,0.6653594233871685,14.87552330129082,Forest,4,0.06312990920796646,81.90265169366589,3,427.58632373463035,Fire
47.33922019009166,26.35246756608972,17.901132079996664,44.129698767884705,Rural,3,0.13736174596867423,78.30609908476036,0,751.5768524930799,Fire
50.59038088598184,24.92725768626483,6.231434791644579,43.826140891093694,Forest,5,0.054732706924985886,76.12726319105286,1,100.15892675277888,Fire
53.895019990717856,26.87758822461858,14.845844629738941,16.712583825841143,Rural,5,0.06760474947238315,91.72087566318764,2,458.6749745124746,Fire
46.534814796962195,17.496498486999954,12.426612483114145,38.74872453048809,Forest,5,0.035590230806476386,99.82990908057144,1,232.91273036714398,Fire
42.50645200253003,17.836217892343434,16.048035689026484,23.649777990308824,Forest,5,0.6755867735674388,85.2668221020964,2,644.6324145382395,Fire
47.98953680314176,29.776810826073262,9.664641517508702,49.475837815531904,Rural,4,0.24860488461330632,86.15184937860873,2,594.4603977669972,Fire
46.49253461632057,10.139645237606963,8.069619380539992,19.39017686899885,Forest,4,0.3373306088457655,94.82571081861451,0,315.4734050182834,Fire
45.13514778600091,14.67134722137222,1.363732395309254,17.48497081642007,Forest,3,0.2913610728377445,82.52184346987444,4,174.76049280165455,Fire
54.394237431967234,11.20453889800595,5.953005551365608,21.922648046800166,Rural,5,0.16428684327240928,93.49484292771092,0,544.434661407214,Fire
43.609998347175626,11.410712751859132,18.18859007371753,17.60515065274823,Rural,3,0.5446308711071358,72.33569558826309,3,697.760017499297,Fire
42.17197456776882,20.235609131389616,15.388851588431136,47.39182069971133,Forest,3,0.8196248695476449,96.64574048983913,1,302.27796744474097,Fire
46.901701103022084,17.866413407703774,10.89110649309351,16.395190534657655,Forest,4,0.1675665393045065,79.30925446313643,4,482.9317419309044,Fire
43.13680452339851,17.547263535933016,8.270330605799183,11.592457577830153,Rural,3,0.9556494672664894,98.60897823489069,1,225.36645752972709,Fire
47.09883131463602,28.955593959384597,2.8239812707436984,40.54063374672849,Forest,5,0.6202413542689121,84.33226379198608,4,471.7766474362693,Fire
51.694329660662234,26.518818382238365,13.931228042880923,46.96291955382733,Forest,3,0.5618637898095185,90.1421821793121,5,398.1982636278997,Fire
54.580656722838306,23.155307665452,11.287907606779793,47.31826502112909,Rural,3,0.526082518417403,92.77932565450615,2,430.7608099737097,Fire
46.916918698163485,20.345869643045063,8.262147954542884,17.973819578847326,Rural,4,0.0722769475731766,87.27357588323235,3,241.50457945768952,Fire
49.091374426432864,14.141141667660657,10.87946222569935,19.263960990555958,Forest,4,0.3972714728404597,77.36651877833474,2,499.28664398254915,Fire
49.56033465769385,24.293913504714684,4.804388664167711,27.7508535636898,Forest,4,0.5345592191563087,75.863740011052,2,360.4575784740272,Fire
51.877707559569046,16.776469648456146,19.041248932780054,39.51711075995201,Rural,5,0.8808951605447525,71.48817725048448,1,258.8849776300647,Fire
51.670767434927974,28.384160621074503,8.475402398618467,23.685304004475796,Rural,3,0.44485243282754083,84.6714520134785,4,339.2943293420807,Fire
47.63802630716494,26.969435488125292,7.265107033516205,41.75740533807405,Forest,4,0.623210373068007,92.24881862355667,3,381.3133898657177,Fire
50.758830987193164,19.007007715615856,14.979263017207971,24.279297178746553,Rural,5,0.7493694366449569,86.37087906439078,1,624.0260960072826,Fire
48.27381606359977,14.320628807861445,19.345423807405954,38.60500079267552,Forest,4,0.4271050453603432,84.25301022075162,3,412.7085280918484,Fire
43.60484825553462,14.119600717539234,0.01886830535262174,11.57060206594641,Forest,5,0.2423536951367623,89.89932128512007,2,609.6815061353165,Fire
49.80326833129458,24.625011786947503,15.394932457141744,49.016414707389806,Rural,5,0.3416411126906018,89.45393670700712,0,728.1781228251104,Fire
43.55195314739656,16.556856757716364,16.31490761252242,33.89249513322847,Forest,5,0.5554972801696314,87.51757867783405,2,349.26515961649517,Fire
50.84499737891279,15.482407276384013,16.553503895625436,39.59471306401614,Forest,3,0.11910653587671627,74.21641383986629,2,685.5716235326324,Fire
51.15635910744335,28.571937630612766,14.774870192318605,22.25071548018459,Forest,4,0.6961924503010899,75.78611706068843,0,472.5560123993357,Fire
52.68134040712642,12.02759684939727,15.837826475914586,42.46288017406192,Forest,5,0.600583196987136,74.98765991049102,5,514.2018782246803,Fire
44.49630379877248,23.33371303785026,12.467591319198142,34.098766818290656,Forest,4,0.5286566039892756,80.03327581354313,1,663.6220781522637,Fire
44.4151004110832,11.699325797789328,8.724920527143148,36.332297580242475,Rural,4,0.2767541319513086,86.74513551671322,4,615.9926897696473,Fire
42.47726826527987,19.495380120873023,6.72646788540667,46.82143540410219,Rural,4,0.5528148757183491,92.21990743199878,1,780.7229730195315,Fire
48.73413560788927,22.283724886380227,4.732195654150146,29.339923404272152,Forest,4,0.07489584200198374,73.18481060642402,2,453.4380158750975,Fire
51.99371270771267,11.238930371579759,11.536158392765117,14.768417713622934,Rural,3,0.05274395216221739,95.02492324625324,0,131.60595508860436,Fire
47.69269853285786,26.879869438840494,5.248167529786039,26.868504701036656,Rural,5,0.860798936915495,80.38590660040983,3,261.95034958158635,Fire
47.25514134739151,29.86530392859493,17.371140564989215,32.58559431584808,Forest,5,0.284600382304681,85.51628283080588,3,285.6459758977804,Fire
44.206869618106744,11.912813920474319,8.3827234888411,14.531984175930708,Rural,3,0.5473246843394861,74.93797821098724,0,322.1721950195197,Fire
44.86414828208558,20.306103759887534,2.0473416916641862,40.07083150731913,Rural,5,0.7434351739561944,85.98481112204183,2,375.86310694215217,Fire
53.0623746922884,16.917177159505385,0.70430347051047,39.84718554209089,Forest,5,0.8798377479414679,89.46048860072094,2,316.7841977736324,Fire
44.62333432728194,28.176529954337248,15.208001345749654,37.05593475640024,Forest,5,0.18404477205021352,92.69353263966735,1,531.6353847156926,Fire
42.52434007779988,16.52340508256507,9.371139891822693,15.918333364376235,Forest,5,0.20909736458961425,73.91059390129797,2,495.7911578267766,Fire
42.27311904082269,10.688626171466291,8.916510996540323,42.66620972806494,Rural,3,0.08670656759564022,86.15089306303068,3,754.7761427674591,Fire
19.50689787411094,58.76362345049445,13.778338815458923,11.64345044123465,Urban,8,0.9236648375496527,69.900725246907,0,429.8235195425485,No Disaster
32.10252143635532,46.20614231583395,19.956305022248305,9.845143151695348,Rural,12,0.9545538424175,66.74086411082072,0,574.3382302467874,No Disaster
17.79240086518086,52.57745793976351,32.01903733221205,22.01008456657194,Forest,3,0.5425733269659556,56.1434708017768,0,930.2786659543007,No Disaster
22.380500858280367,49.784545094998386,6.66722336581852,9.850885531659415,Rural,12,0.23038663938588944,41.56975611278673,0,1029.2398340755417,No Disaster
26.115437801902498,53.48075734849914,0.8330235622107995,11.778895506968974,Forest,6,0.07748297379238589,41.29255336842881,0,458.9782387785185,No Disaster
30.280920698130476,58.67955948289038,6.5529315402145185,20.947887158155574,Forest,8,0.31071532831144744,50.579584092481554,1,603.6078066743775,No Disaster
33.929355621520585,48.87126690997005,46.94384875711365,10.898916480846841,Rural,4,0.7569276593414415,57.56484361983033,2,255.61123169663657,No Disaster
26.485278857459548,40.60831761615936,36.343845306988584,22.480273426174314,Rural,7,0.15844803718990597,32.48820366102764,1,662.375649863687,No Disaster
31.222649553383214,53.0166644312297,30.753231492890563,8.513441999118214,Forest,12,0.22748160369353998,36.64739998438997,0,1415.8941220399925,No Disaster
25.050414834406048,46.86053425180049,49.40620379773177,14.704609115307123,Urban,7,0.8911400917935094,48.414214925393075,2,235.372383702594,No Disaster
20.139238008986695,43.68602793900198,1.9680939909864748,5.436934239724036,Urban,10,0.13443342736955,48.70882463884604,0,699.6925207963848,No Disaster
29.911597413777216,40.542133046724665,39.175075129395445,5.21026449083307,Rural,8,0.8933044937881227,47.31359684228689,0,767.7767496647152,No Disaster
29.46622314183564,57.878670213399815,16.790818232076727,17.301395080293958,Forest,8,0.930998619712584,32.020295695312264,0,1346.61732720152,No Disaster
23.722798929223956,45.25441887122606,23.612424947257928,11.486577582739333,Urban,3,0.40496858737618846,69.95171743262618,0,909.958545484944,No Disaster
27.470319594877598,45.17584816729048,15.822856543720809,6.739340405118661,Urban,8,0.9665584393805441,67.78829526689927,0,899.1955107902662,No Disaster
10.726866685478045,58.19190782221889,0.3091911320448337,21.213671406751835,Forest,8,0.09132573433355706,36.45790744131684,1,119.87528826041319,No Disaster
23.30381516370189,53.858178220495354,36.65801890683998,24.90843025850912,Urban,6,0.5382201018684752,51.3329419143842,0,336.8266513793883,No Disaster
16.787233231834392,59.549131263676855,42.6658593333293,14.966660565884744,Urban,9,0.2716641913636555,34.150253741434256,0,226.7832546412887,No Disaster
20.786016988790692,57.03691851677776,40.85955253633205,5.273233709412189,Urban,12,0.23964578495755662,31.295565511039804,0,819.4131359985803,No Disaster
26.93077344079908,55.93289738030276,16.89907752349181,19.109800493462334,Urban,1,0.7505984567441264,39.4398642363695,0,359.572390523676,No Disaster
25.271757392735083,56.895951623762926,3.9802538496252815,19.139126369868453,Forest,7,0.8725199518293624,39.76590242027629,0,1396.1583242209242,No Disaster
18.282865164391524,53.19986900270634,19.438420643079844,7.628247657105369,Forest,9,0.8670601823789473,39.75981209409889,2,587.2727376682487,No Disaster
15.562340484959371,50.521880265030845,34.38846031828674,10.469490307499596,Urban,6,0.1064117629028446,62.87009667941562,0,1146.2165805837997,No Disaster
22.01791240703341,40.95827735826668,47.42601637569576,19.223201750555322,Rural,6,0.763856500200214,50.56327683064741,1,997.4348006894966,No Disaster
22.763702045585813,40.05416299640904,42.497324797259424,12.617807252493252,Forest,7,0.007766642153968717,49.683680414003916,1,653.5855783393293,No Disaster
31.747916195234996,53.74379992937353,40.73968337618293,13.347832480122007,Forest,3,0.133778144993968,68.13228670329491,0,378.73078791029593,No Disaster
31.033040774319574,50.89602170552197,6.282174620615699,10.794559674764292,Urban,4,0.21354285449034138,46.445773459199486,1,613.350431584174,No Disaster
17.36416071705176,47.818348536823244,48.82282647177051,24.093327137581376,Forest,4,0.24165892081918516,32.721492563666786,0,473.5123692073632,No Disaster
32.66466685267779,57.16645877757716,42.243204270525425,12.193511224461355,Urban,4,0.31283419752422004,32.43622172940731,1,672.855622441884,No Disaster
25.16353878134384,46.58758538604151,34.66887692594262,20.324909455207578,Forest,11,0.8116270144448535,41.75667042019735,0,1117.8259378197877,No Disaster
28.406811632876526,52.19363816551555,45.7549227245015,8.127242832897501,Rural,3,0.4744349141471741,43.35106388279191,0,1344.6008551405323,No Disaster
19.23153859330071,51.386099688244045,31.586120916329204,15.374956942294189,Forest,11,0.4492681584656367,41.85779550976612,1,1013.466337710125,No Disaster
24.614236756959475,51.079589744401616,14.897746565843272,14.10151271040769,Rural,7,0.10621382758845621,61.03509017878772,2,1001.4711398948706,No Disaster
21.794618672796407,56.68649591498797,28.867670060983386,17.928147504561778,Rural,2,0.5287073198840526,31.37507433406901,1,709.0204320763128,No Disaster
26.980997001920898,42.66832671046414,34.58217009866591,20.900230738569405,Urban,6,0.5850351687186619,49.54169865761028,0,1033.7095845801039,No Disaster
15.958217837912937,45.34288139741299,45.53324976919442,13.713441322445806,Forest,4,0.6260547089808013,33.011148666066944,0,169.03258195375454,No Disaster
21.962638561898466,45.20096080504868,19.252902785948084,23.859655681422712,Rural,5,0.8349737856829623,58.41406002849329,0,1130.2885689235284,No Disaster
22.978190036549886,45.50197763118249,31.955392349735316,11.81923947285977,Rural,3,0.7890961116487567,54.11571530421741,2,412.2137529472262,No Disaster
16.302990140316314,40.43291122693967,4.588880323558792,18.619065828071523,Forest,1,0.5142270112659776,51.56764318054532,0,1175.026909087196,No Disaster
19.737599615017935,55.035891747345126,29.41828446088283,9.253285730226857,Rural,2,0.06423857585712589,53.70784266571511,2,1197.9798190294036,No Disaster
28.37364273031753,46.7646193463457,45.693814516089816,24.620897245089314,Urban,10,0.6825117301162001,56.48928633318372,1,541.9358736296924,No Disaster
24.202173590039745,42.50502462192416,32.77549859230563,5.795942546713051,Urban,3,0.8696958848516338,65.63328593158533,0,743.0251634983033,No Disaster
26.133421242472984,56.425188407456915,12.232752730235653,13.426017632667293,Rural,9,0.877120467662288,39.72719921056904,0,369.4904108901579,No Disaster
22.192211268346874,42.03757528279113,45.55602506959788,21.410150084642183,Rural,2,0.34239512329585964,51.85905444101506,0,1159.3051690933585,No Disaster
18.631412996372752,43.764643995380915,9.212432578633711,6.140047751038679,Forest,9,0.8403481775885081,30.699928559495543,0,901.8783873617241,No Disaster
26.675106479010513,56.38991370772105,16.33694452843168,11.992287976154444,Forest,11,0.274212889124147,31.064334643107365,1,913.0583986779228,No Disaster
29.215526661616202,44.11763976356642,17.624052347167556,7.5222028335725,Rural,2,0.6761957463565392,64.34400427929992,1,357.74185270533974,No Disaster
30.814192887674928,42.11300690897861,40.64254857683789,16.575129527199984,Rural,5,0.7814620887547092,58.13108910929806,1,1146.5288914451066,No Disaster
22.694151339826906,52.80894547986506,15.708103191848604,24.15942132964908,Urban,9,0.1665035470495151,58.48880820708635,0,429.5365666577006,No Disaster
28.7828233745657,49.88741622091516,45.7417474998439,9.234287442959417,Forest,10,0.7589768318540306,50.024781293357236,1,1004.299050232255,No Disaster
22.05333884286319,53.66858830314541,29.68423099543666,20.096549167246625,Forest,4,0.44797165638218994,46.21886705321674,1,512.7441336854736,No Disaster
22.706806819494577,47.09096417657215,28.229704064516074,10.046454885274905,Forest,12,0.2656855648662635,65.83262926240778,0,1019.1877833595132,No Disaster
24.75397541913316,58.91430216882049,33.84100218150235,11.03173739747103,Forest,6,0.3356824006428417,52.98328790207518,0,818.5647063986191,No Disaster
27.445419390753713,42.14444788416975,21.17410046246664,14.047335184131404,Urban,4,0.8400188319206985,51.79929112400072,0,431.58925883516474,No Disaster
18.638025113973907,44.36606223623025,2.7346587288133826,5.353400895908678,Urban,6,0.17219747942363306,47.239349153928124,0,296.82868544271184,No Disaster
21.847284521309923,48.49566683048373,17.087442116296366,8.668472869959121,Rural,11,0.6856517492651993,39.05109336575228,0,1341.8598422257467,No Disaster
20.486980065697548,57.14193879219832,40.85535495833806,13.966929410492671,Urban,7,0.21774870483402198,33.1320668191823,0,237.68289022629838,No Disaster
21.326468720369412,48.985490939132994,47.02485992565054,24.05668778341169,Rural,9,0.6241134200456544,48.9630505643143,1,105.18336956538359,No Disaster
22.759830702831447,46.31442259540977,39.5681459561443,18.611213322776756,Rural,2,0.14609656554132022,62.92014297787739,0,1013.1935579458248,No Disaster
19.97651450172863,48.103942851506595,29.802179773882358,7.149011052578162,Urban,10,0.9095644273803012,40.78520035068731,2,471.23903765669786,No Disaster
26.11117818315262,58.316286963814875,25.143776003279246,20.902205650534494,Rural,5,0.9774381842040123,68.57412936143946,0,519.1923747243493,No Disaster
25.3887995999554,42.003099950135336,13.585879944908985,21.31911578830413,Urban,9,0.34222552477890456,69.2553333696512,1,333.15391889617797,No Disaster
23.306578379507016,41.13251114755116,6.018907475276691,16.615371672288433,Rural,2,0.3058948132615199,49.32538582261998,0,955.5981324957446,No Disaster
24.139278631457632,59.674700673515154,18.040315568900127,20.05694950182768,Rural,7,0.12781184436038273,53.28949795210345,0,148.16449183484153,No Disaster
29.822075028081017,46.895395337997485,19.514777360638526,22.820433659344232,Urban,4,0.6043044198214789,55.200747224753094,0,302.0368611624741,No Disaster
26.812712850682193,41.87118813824671,0.833577529981655,22.47068528490429,Forest,2,0.3452645520570531,36.910270249848395,1,1442.7179391953648,No Disaster
28.070646397252215,53.28678733211365,17.168889478728627,5.381983987074516,Forest,7,0.9454948605595002,55.284804876626055,0,835.2154517562798,No Disaster
20.654030107241987,43.99257615319835,37.52720818768688,19.92839660019698,Urban,3,0.8779783824996591,40.76758957893221,1,349.0376822282995,No Disaster
21.005226139411683,41.3861554607659,28.910919061164474,16.952648797378007,Forest,12,0.6692682917508349,47.92341949132306,0,385.959055110955,No Disaster
15.097828852169897,52.53605260129688,17.93712552714443,24.912903533486986,Rural,1,0.13067263041326238,41.63997558258652,2,931.7909480685718,No Disaster
28.97128339081035,41.633595297327076,10.886244939945112,10.00680534762772,Rural,6,0.46319943630892046,49.473128477649475,1,1358.1347821737295,No Disaster
32.33412208202384,49.13017710683066,7.471812925914712,23.598711881481712,Urban,9,0.18163142187882186,42.09582961215689,0,755.6208280389392,No Disaster
23.382453902081817,57.103306899429455,17.93778810106369,17.622340557844694,Forest,3,0.4298446697431554,42.25769346200972,2,771.4751354422414,No Disaster
24.595602135544368,59.45688317320045,0.24342038277516131,13.253564967582985,Urban,9,0.3309147657801952,39.93149918523384,1,1125.6577789365583,No Disaster
19.81466963215002,44.779953604231025,14.064228177651705,13.222545565187584,Rural,9,0.019651482746847804,65.17572227228783,1,573.9096311956621,No Disaster
28.32684467516415,40.14183625548742,34.012534416518704,21.508797914972575,Rural,3,0.6501132234192136,59.68089807519041,0,270.24736308727995,No Disaster
28.943924915636508,52.474874521751914,6.701244715949589,7.315200924926493,Forest,10,0.1393023387079143,50.80927842016102,0,212.93767434764834,No Disaster
26.31540400856111,53.4469653528573,34.459070521375835,11.829388132168848,Forest,12,0.813710270757308,38.684129178795615,0,1455.4923772080676,No Disaster
26.369286401995627,47.540154239174896,48.2464300750913,10.470840580038738,Rural,5,0.9828601178554205,51.45881564753893,0,460.8898834855878,No Disaster
18.561839017772332,54.02727120620883,0.7186475888888821,5.99025259404587,Urban,5,0.3416745738184541,68.13265488803842,2,1034.2645895347705,No Disaster
26.6916259439229,44.203839374376926,16.172142755009837,21.384684242048404,Urban,3,0.8599407141834092,38.52141279373057,1,1000.2853909560415,No Disaster
22.614796296115898,55.25068075551069,29.246544698936084,10.324630029976205,Urban,6,0.8178220735661906,69.15789423418647,0,736.939631618832,No Disaster
22.229631363830052,50.938310275862484,27.312380006542547,6.789462456207744,Urban,10,0.8561536219946603,33.96950659678724,0,467.77366780270944,No Disaster
26.910652521983174,57.49532125107987,6.445129253674947,19.399936052548924,Rural,12,0.3560672991191448,61.55655851863468,0,994.8825611459438,No Disaster
28.905869283053455,57.47356069121497,6.3400899563380015,22.33191377191007,Rural,5,0.12711049086702397,47.10167421438848,0,1080.4870444131973,No Disaster
20.168079653659,55.177362688359,5.2898260136399475,15.122797053892887,Urban,5,0.9361630415509965,50.540714669670805,1,651.8666924398711,No Disaster
24.87883583065154,49.43805021129046,24.515624470491414,21.93570003739491,Forest,8,0.4035199924402112,43.331994394821,0,901.8815136319527,No Disaster
31.01225623991536,44.76674421255994,39.697754235779534,14.729655314648458,Urban,4,0.9783308076772478,60.926707669878354,0,1189.79976949396,No Disaster
23.99632540999004,44.20919344353069,34.47915327666149,22.54619472386071,Rural,12,0.29849309807496327,56.894474317287774,0,489.3570345753248,No Disaster
18.719353526947753,43.6887038116853,24.875821343721675,10.518976563143752,Urban,2,0.07662240199220272,56.561321324452706,0,784.9909654722444,No Disaster
30.006581226049782,58.906140805032734,45.85383897349066,16.66852430288182,Urban,10,0.8183005094393818,57.333054505109196,0,1249.2868990582003,No Disaster
20.192510008142996,48.577687787894206,9.449282998558756,10.635947007929849,Urban,8,0.2343700906778755,34.942659496063044,0,916.5866759947353,No Disaster
20.602497638660243,40.693014196280345,6.361244346850537,23.293891206741144,Urban,12,0.45357280961517477,31.52196713240364,1,382.9133105211291,No Disaster
30.784568453482,42.20147520362114,19.169393181599926,21.743239283900515,Urban,7,0.5097260752881797,42.0026833162176,0,498.5446343850491,No Disaster
31.75426165349503,50.79323577806305,3.874181327774134,5.360580179178244,Forest,4,0.41049871369737934,67.32771668196074,1,752.924432306368,No Disaster
21.731604296812904,47.23332166390085,5.420018635831136,22.518660443724098,Urban,2,0.1681180975977251,50.49042255505042,0,975.12817376114,No Disaster
25.551337592923282,50.80434533557237,2.516146646733197,6.258149520360479,Forest,7,0.2028731759142346,59.82513330082008,2,1392.4435840669707,No Disaster
28.083805465864902,40.31703684463753,36.496175964291055,22.774930336276256,Rural,8,0.4074078813546854,69.46277963117306,0,299.05392694229226,No Disaster
25.73467649193344,41.09018554827439,41.821986868806164,15.238772613638556,Rural,3,0.8824091864437885,52.86715513398954,0,1112.2799756444615,No Disaster
22.38934214990004,50.155043037253286,24.955432905380327,7.202845658379329,Rural,12,0.24106434585673664,30.627836223851187,0,225.75098119584663,No Disaster
23.036313186057704,42.018832511127975,9.950564720759413,24.996984889728004,Forest,11,0.6386726361204053,35.64974792106229,1,1437.0884619767312,No Disaster
23.82814938402565,52.21852774966956,0.0634038457745123,22.88014395833612,Forest,6,0.26266973533048454,60.69116710062521,1,541.7748642203553,No Disaster
28.28968146376538,57.77504967500545,34.62570063805965,9.870566777990726,Urban,1,0.8031705116327311,36.13651529556352,0,622.6944254445643,No Disaster
30.228895758011827,43.0282088787217,39.92267525255953,19.144566566708466,Forest,7,0.10580502485651422,55.12826388372176,0,1480.3078360748848,No Disaster
22.408736805693987,51.571278645587086,45.56709081082044,16.081985607916522,Forest,10,0.9720793354745572,36.366363359753194,0,687.2740791257477,No Disaster
31.626380452185188,47.81387074201898,33.291541382593124,9.310257150955376,Rural,10,0.7292109485008531,50.01162074712718,0,336.88427234815254,No Disaster
25.604309395131992,57.837462600168195,14.358238256527873,11.554944517922562,Rural,4,0.5498769211562105,54.78330371308347,1,401.64807018602204,No Disaster
20.65604126420247,42.40963644876936,42.57685859489628,8.132256297852997,Urban,2,0.842538229398637,50.03506423558397,1,524.2920656451423,No Disaster
18.036756211083734,58.56745103961583,3.281304408890878,15.988236641219292,Rural,12,0.6527281237772241,40.22664893327258,0,1281.1527415309688,No Disaster
31.416895825233254,43.898855379403194,41.343392358668105,16.253108458054847,Forest,1,0.7136073662634715,38.30045981539516,0,1314.8124139271292,No Disaster
27.397208458716342,49.04430200203436,7.139281833394234,12.788693601553465,Forest,5,0.9926255484528702,57.9335188511761,0,1040.8735567075066,No Disaster
24.651232853856012,54.04313530393807,18.58634923082303,5.35427701218778,Forest,11,0.6311880780600712,36.5446595497022,0,805.47823553284,No Disaster
30.435511810078715,57.772842276730344,24.192498501661163,19.568449745988765,Urban,9,0.34218640575865744,37.77854076729255,0,540.3898112983113,No Disaster
26.576224632854274,41.6874179287701,34.25030433315894,19.15506415210796,Urban,1,0.0767233994560228,47.05190869613703,0,1036.1392388570503,No Disaster
30.693085357268927,57.429770835147764,11.874302118109991,24.578391122397996,Rural,6,0.26725868514706175,46.86044730041162,0,275.98826911696193,No Disaster
19.245047179947132,48.28868093936663,38.122226096955,23.00624479148982,Forest,4,0.6509717452185445,62.98068279199717,0,202.31912743661033,No Disaster
32.99160903820517,40.14715659250829,25.910286609126043,5.750573150636063,Forest,7,0.9207708496360754,68.73676522001631,0,741.4867273531023,No Disaster
28.66773906752933,58.900341884969876,33.68049159983475,6.297985590768189,Urban,2,0.46980432144868156,48.21862288025447,0,599.4786864889518,No Disaster
25.069909079846624,56.60405768691524,33.200611403380115,11.767357318504317,Rural,11,0.5257703366832255,58.724069518240896,0,1426.8774148450075,No Disaster
18.689754883918326,41.07394157198614,5.312285423478025,8.473432739086796,Forest,9,0.6455958727498087,65.68235440838777,1,1488.5645094490824,No Disaster
28.710974900345523,48.53580744387838,32.43675694378671,19.545369409048682,Urban,1,0.990642737172179,41.11564503951024,0,561.3425792835953,No Disaster
22.394990304963997,48.81206228118349,42.8475064934694,18.684181503769732,Forest,2,0.873361117841438,32.39049096713538,1,540.4226867796931,No Disaster
28.546762572276585,40.955627293628105,17.611548753537264,22.131439773666713,Urban,9,0.3110070036708874,65.436884577737,1,1216.2715279099477,No Disaster
25.097291277594415,45.388357786591435,44.37208453762439,7.746067502832088,Rural,6,0.5867481189673429,34.11620353368002,1,1198.1679318517602,No Disaster
18.30258422344665,54.69523622710689,12.607197791947177,14.816206025360856,Urban,12,0.6178666544120367,56.63431064865109,0,1436.1918924495035,No Disaster
24.85091591665586,57.48337842964136,35.39704578699974,19.273041489874853,Forest,4,0.03248659669016496,53.81107364416218,0,1456.3405668089263,No Disaster
21.32275539803978,51.03375935612924,42.05480853080507,24.936985685628798,Urban,6,0.3202987424967425,66.26613187807996,0,961.6004810460972,No Disaster
24.86697447481509,48.11428848361896,2.0541182477777644,11.945769486113955,Rural,1,0.9481985067430674,49.47004193409262,1,599.2524780241406,No Disaster
20.545387039775733,48.98166785352227,39.822588476890466,15.941259818368842,Forest,2,0.7537682020450523,54.880367552359225,0,1149.4599981428828,No Disaster
28.596254915276667,54.551260708644016,31.493620009158946,12.195788267638592,Forest,6,0.11238593229152583,40.740196690113414,0,1271.4215606013001,No Disaster
22.44160720564876,41.31596435590478,35.29926330254092,9.764188709512322,Urban,4,0.44370144702966785,65.65255742425822,0,303.31502788134867,No Disaster
21.142265976349428,50.48629876680242,48.14789973243148,17.15371282101622,Forest,10,0.8411073089388701,31.438630248536512,1,883.4635979026134,No Disaster
20.530223046187096,58.46337423508359,10.332159244585265,22.48218236051661,Rural,7,0.09087653836964837,64.18700165537055,1,393.18473915059593,No Disaster
18.47395951097345,50.74166911180207,36.86096117856524,17.54628274020525,Urban,2,0.9597837864377148,57.046293338137815,2,212.02557766075108,No Disaster
29.76091871718385,44.65207724297512,5.7752933078233095,11.522121132775869,Rural,7,0.9252881947931552,64.71866568008525,0,185.88142427741525,No Disaster
23.132994893826222,54.29124692186313,31.17058656681323,24.41109341456992,Urban,5,0.3363937234029094,50.76086774314223,2,436.9542256162395,No Disaster
29.292425859597895,46.3457796755181,24.18569161953566,10.89206665880912,Forest,2,0.025896070249485148,41.40846978613328,0,102.24166256864035,No Disaster
29.17804012559985,45.66438167619335,44.0705166161625,16.87297170214722,Urban,9,0.40336430502635323,57.05888573969644,0,1246.2455345378683,No Disaster
26.63935909116645,46.82298651639366,37.375648529123836,15.9952910253204,Urban,8,0.8812580677630116,33.11515956365163,2,618.68801188332,No Disaster
20.9719312862802,51.37842811689433,44.085448481929234,23.838111745208405,Forest,6,0.08661976085469403,56.76616622139403,0,758.9813992874862,No Disaster
23.859859851075605,46.03324483262298,19.200953698247908,22.087990266513604,Rural,3,0.2723153971810828,34.70007360849493,0,1389.059031476627,No Disaster
32.19413189727111,51.63177675699511,26.674010437239144,16.92787199384923,Forest,9,0.5232862493002498,34.66991611075182,0,851.6028051036657,No Disaster
24.123527350479936,57.39082337718436,38.204779328943964,9.956248858138137,Rural,1,0.10184726514238274,59.13975735389761,0,619.7792887075512,No Disaster
26.996588008595655,50.0339833201285,36.27340842250814,7.264624465182507,Urban,6,0.4850729091426954,51.63308255886159,1,1230.9640325572711,No Disaster
27.65744844073329,53.99055740805144,20.60088694758282,7.767951719362491,Urban,2,0.9478634419990688,32.77218024074995,0,953.5646857493953,No Disaster
34.17410072293352,45.11745081624426,20.353838968949013,18.553630822353966,Forest,3,0.6019813529744524,57.89791312657224,0,796.5410424384339,No Disaster
29.49209335813575,43.79111017073881,44.61189577690532,13.618826730366537,Forest,2,0.43802179635032934,46.34975051234112,0,919.7858108964257,No Disaster
20.25699047407081,50.42347449827075,7.488856584045134,6.311581452932726,Urban,11,0.5597174359283135,44.36003072317055,1,1214.3511254408506,No Disaster
22.706460652308206,58.65279387599858,19.72755646406866,20.853851456987556,Rural,1,0.646365112123656,64.93243493030913,0,1262.890070560525,No Disaster
23.95703837031845,51.42666009943857,30.373587695428462,15.463160016119652,Rural,10,0.04343335723563746,40.441135661433925,2,823.8087964935921,No Disaster
